employeeNo,action
841-56-6095,UPDATE
554-65-4313,UPDATE
883-53-6376,UPDATE
402-08-1694,UPDATE
703-78-2495,UPDATE
553-11-4455,UPDATE
447-53-5826,UPDATE
649-56-6809,UPDATE
583-64-6932,UPDATE
762-12-7563,UPDATE
265-81-6743,UPDATE
537-44-7790,UPDATE
567-34-5137,UPDATE
749-42-2902,UPDATE
168-42-0905,UPDATE
751-01-7759,UPDATE
446-71-6501,UPDATE
543-88-0723,UPDATE
160-53-9690,UPDATE
787-84-9590,UPDATE
184-11-8699,UPDATE
881-80-8458,UPDATE
855-55-6951,UPDATE
106-03-1937,UPDATE
144-62-7839,UPDATE
418-31-3845,UPDATE
150-22-2442,UPDATE
471-16-3203,UPDATE
150-66-6637,UPDATE
831-86-6540,UPDATE
712-61-4463,UPDATE
175-63-7597,UPDATE
357-38-8160,UPDATE
224-96-4761,UPDATE
754-63-8890,UPDATE
261-24-0329,UPDATE
145-69-7236,UPDATE
864-83-2165,UPDATE
469-24-6751,UPDATE
667-76-1512,UPDATE
200-62-2925,UPDATE
249-03-6822,UPDATE
803-51-3209,UPDATE
890-22-9980,UPDATE
476-20-1495,UPDATE
888-83-6553,UPDATE
755-24-1411,UPDATE
449-62-0926,UPDATE
876-48-0859,UPDATE
472-95-9809,UPDATE
589-91-5049,UPDATE
330-56-2497,UPDATE
851-38-7833,UPDATE
319-22-5533,UPDATE
496-91-7432,UPDATE
396-52-9262,UPDATE
262-91-8498,UPDATE
723-87-8395,UPDATE
127-19-0180,UPDATE
661-84-2922,UPDATE
566-88-7952,UPDATE
124-95-4844,UPDATE
125-59-8054,UPDATE
312-35-6057,UPDATE
176-39-0882,UPDATE
621-99-8090,UPDATE
848-65-8818,UPDATE
589-41-5205,UPDATE
524-95-2654,UPDATE
366-71-5158,UPDATE
151-91-6832,UPDATE
799-79-0467,UPDATE
379-61-3956,UPDATE
721-64-4865,UPDATE
485-40-5510,UPDATE
572-74-5680,UPDATE
347-25-0816,UPDATE
241-09-3268,UPDATE
275-06-5666,UPDATE
722-18-3705,UPDATE
481-75-1009,UPDATE
832-47-2026,UPDATE
329-31-0774,UPDATE
630-32-9101,UPDATE
155-36-9445,UPDATE
384-39-0295,UPDATE
606-55-7136,UPDATE
660-05-3058,UPDATE
183-80-6220,UPDATE
293-03-3990,UPDATE
660-65-0765,UPDATE
342-99-1569,UPDATE
117-62-9276,UPDATE
160-80-0647,UPDATE
632-33-4530,UPDATE
242-69-3577,UPDATE
495-10-4924,UPDATE
727-70-2989,UPDATE
791-86-0057,UPDATE
564-87-8389,UPDATE
715-29-2869,UPDATE
176-01-6387,UPDATE
501-04-1454,UPDATE
395-85-6656,UPDATE
744-80-6621,UPDATE
889-10-4881,UPDATE
733-60-0905,UPDATE
665-84-9951,UPDATE
451-90-1219,UPDATE
516-04-3565,UPDATE
303-31-3835,UPDATE
845-90-8848,UPDATE
452-29-1215,UPDATE
408-43-0908,UPDATE
145-13-8906,UPDATE
541-09-7260,UPDATE
118-86-9196,UPDATE
873-77-8386,UPDATE
135-59-1591,UPDATE
564-17-0434,UPDATE
746-91-7390,UPDATE
204-67-2507,UPDATE
555-88-3114,UPDATE
297-40-4580,UPDATE
212-93-8230,UPDATE
416-99-8130,UPDATE
622-35-4855,UPDATE
244-15-5472,UPDATE
504-04-6340,UPDATE
454-94-6783,UPDATE
420-02-2880,UPDATE
140-73-5733,UPDATE
364-31-4790,UPDATE
358-63-0481,UPDATE
207-14-7619,UPDATE
361-37-0745,UPDATE
533-24-5895,UPDATE
401-68-5981,UPDATE
104-01-8360,UPDATE
651-98-5280,UPDATE
192-38-5850,UPDATE
662-23-4887,UPDATE
432-85-5051,UPDATE
873-07-7576,UPDATE
422-48-8367,UPDATE
463-82-7345,UPDATE
455-05-4131,UPDATE
779-08-5217,UPDATE
509-70-4708,UPDATE
498-74-7908,UPDATE
180-65-6657,UPDATE
822-68-0813,UPDATE
479-04-6794,UPDATE
786-09-1266,UPDATE
412-03-1970,UPDATE
319-59-0163,UPDATE
675-60-0148,UPDATE
747-55-7933,UPDATE
313-67-1210,UPDATE
153-62-0109,UPDATE
628-83-4742,UPDATE
804-28-0334,UPDATE
829-33-5591,UPDATE
629-99-4721,UPDATE
382-13-7016,UPDATE
609-12-1731,UPDATE
822-23-6964,UPDATE
620-66-1376,UPDATE
244-44-6970,UPDATE
631-34-6861,UPDATE
895-05-4157,UPDATE
218-41-2597,UPDATE
515-02-8571,UPDATE
773-16-8863,UPDATE
135-83-7493,UPDATE
420-90-1586,UPDATE
360-88-3612,UPDATE
409-02-1447,UPDATE
677-07-4881,UPDATE
694-99-1533,UPDATE
874-98-9698,UPDATE
116-02-9436,UPDATE
492-80-4940,UPDATE
321-93-9383,UPDATE
165-54-6533,UPDATE
661-04-5190,UPDATE
560-47-3794,UPDATE
660-02-2403,UPDATE
332-60-8638,UPDATE
614-17-0702,UPDATE
424-08-4240,UPDATE
654-35-8337,UPDATE
630-82-1012,UPDATE
743-88-7328,UPDATE
695-84-3222,UPDATE
180-76-7961,UPDATE
587-56-4378,UPDATE
540-59-8739,UPDATE
313-07-2377,UPDATE
721-31-5710,UPDATE
513-05-1565,UPDATE
685-42-1206,UPDATE
584-19-4397,UPDATE
148-76-8264,UPDATE
200-16-4376,UPDATE
153-25-1216,UPDATE
493-92-4772,UPDATE
342-34-7617,UPDATE
367-41-3934,UPDATE
466-65-6029,UPDATE
110-06-0494,UPDATE
866-82-3801,UPDATE
369-06-1134,UPDATE
500-31-1389,UPDATE
803-92-3804,UPDATE
344-21-8897,UPDATE
137-46-4623,UPDATE
391-17-4202,UPDATE
877-43-9701,UPDATE
538-34-9679,UPDATE
649-48-5570,UPDATE
502-55-5574,UPDATE
871-01-2880,UPDATE
681-60-5453,UPDATE
502-01-1644,UPDATE
785-42-5589,UPDATE
644-70-6064,UPDATE
549-51-3330,UPDATE
683-92-3552,UPDATE
789-13-0204,UPDATE
621-66-5869,UPDATE
683-83-9238,UPDATE
204-09-2008,UPDATE
755-90-2958,UPDATE
635-65-7983,UPDATE
217-79-4148,UPDATE
145-81-0160,UPDATE
679-69-5188,UPDATE
415-95-7555,UPDATE
159-02-8315,UPDATE
425-34-7249,UPDATE
277-75-0115,UPDATE
696-69-3506,UPDATE
286-06-6848,UPDATE
314-26-8077,UPDATE
689-56-8634,UPDATE
659-80-7713,UPDATE
841-62-8160,UPDATE
491-09-8800,UPDATE
362-72-1067,UPDATE
213-18-6090,UPDATE
858-49-3870,UPDATE
827-36-9086,UPDATE
545-47-6803,UPDATE
500-97-3074,UPDATE
508-74-4510,UPDATE
181-12-6810,UPDATE
745-73-5108,UPDATE
893-25-4000,UPDATE
139-58-6261,UPDATE
436-76-8519,UPDATE
893-29-6062,UPDATE
650-52-2205,UPDATE
164-58-5006,UPDATE
283-19-6047,UPDATE
533-51-0262,UPDATE
345-41-1958,UPDATE
237-80-0305,UPDATE
691-66-3302,UPDATE
852-46-9092,UPDATE
829-22-4131,UPDATE
609-02-2422,UPDATE
783-10-6960,UPDATE
722-39-3239,UPDATE
253-01-3415,UPDATE
889-89-5422,UPDATE
577-66-6462,UPDATE
201-05-7551,UPDATE
672-56-4167,UPDATE
479-91-1870,UPDATE
662-52-3881,UPDATE
844-62-1125,UPDATE
766-57-9728,UPDATE
428-73-6757,UPDATE
283-14-2495,UPDATE
366-92-1480,UPDATE
516-78-4060,UPDATE
419-65-6174,UPDATE
841-25-7999,UPDATE
773-87-0307,UPDATE
232-67-5691,UPDATE
253-33-9496,UPDATE
168-91-0040,UPDATE
820-92-5783,UPDATE
262-46-2981,UPDATE
543-65-4498,UPDATE
715-99-9505,UPDATE
233-04-1081,UPDATE
192-72-8439,UPDATE
382-40-9461,UPDATE
332-71-9235,UPDATE
321-61-6406,UPDATE
505-38-2166,UPDATE
566-20-3463,UPDATE
624-04-1212,UPDATE
401-79-5838,UPDATE
891-37-2499,UPDATE
440-33-4514,UPDATE
296-05-2598,UPDATE
338-48-7939,UPDATE
427-79-8162,UPDATE
621-74-1798,UPDATE
758-63-6274,UPDATE
899-98-5877,UPDATE
777-02-0022,UPDATE
239-70-8520,UPDATE
522-94-8279,UPDATE
321-89-2314,UPDATE
795-73-7620,UPDATE
215-53-8136,UPDATE
892-58-4737,UPDATE
330-12-5631,UPDATE
665-31-5048,UPDATE
287-28-3332,UPDATE
383-76-3337,UPDATE
242-89-4351,UPDATE
807-47-3034,UPDATE
445-66-3231,UPDATE
475-76-8484,UPDATE
503-85-9482,UPDATE
373-48-0801,UPDATE
618-48-8494,UPDATE
710-90-8041,UPDATE
746-79-0484,UPDATE
393-97-4477,UPDATE
856-28-2701,UPDATE
276-07-8939,UPDATE
634-01-8348,UPDATE
817-81-6739,UPDATE
743-86-5061,UPDATE
295-40-9911,UPDATE
473-13-8943,UPDATE
378-60-3726,UPDATE
455-08-3643,UPDATE
182-73-9409,UPDATE
213-25-4729,UPDATE
647-13-3702,UPDATE
811-26-8374,UPDATE
799-54-1974,UPDATE
203-21-6160,UPDATE
272-02-4239,UPDATE
249-51-4112,UPDATE
395-27-7929,UPDATE
772-05-9030,UPDATE
157-91-6513,UPDATE
618-33-8711,UPDATE
768-52-0227,UPDATE
793-40-0696,UPDATE
856-55-7349,UPDATE
157-03-4768,UPDATE
640-40-7553,UPDATE
799-96-9985,UPDATE
510-51-9058,UPDATE
877-29-7151,UPDATE
424-06-7796,UPDATE
614-31-7319,UPDATE
487-26-6421,UPDATE
258-64-4521,UPDATE
742-86-0544,UPDATE
361-87-9477,UPDATE
122-20-2650,UPDATE
758-65-0538,UPDATE
169-39-3558,UPDATE
791-56-3375,UPDATE
154-14-4920,UPDATE
692-15-9523,UPDATE
891-05-0397,UPDATE
426-68-4491,UPDATE
303-19-7094,UPDATE
852-30-5486,UPDATE
871-58-3980,UPDATE
892-46-5232,UPDATE
563-74-4800,UPDATE
630-03-0920,UPDATE
617-87-6961,UPDATE
628-44-8799,UPDATE
874-29-8043,UPDATE
452-58-8458,UPDATE
692-78-7996,UPDATE
442-31-1056,UPDATE
317-17-3966,UPDATE
105-67-7826,UPDATE
394-37-2958,UPDATE
850-45-1715,UPDATE
668-54-8930,UPDATE
379-56-5298,UPDATE
885-71-5111,UPDATE
462-60-9687,UPDATE
503-95-7627,UPDATE
881-02-4635,UPDATE
269-03-7400,UPDATE
543-62-5306,UPDATE
311-46-8344,UPDATE
611-21-2101,UPDATE
162-37-4327,UPDATE
124-80-9350,UPDATE
303-67-4156,UPDATE
277-01-3162,UPDATE
376-65-2058,UPDATE
824-01-4686,UPDATE
491-67-6232,UPDATE
554-82-2546,UPDATE
189-68-3933,UPDATE
759-74-4405,UPDATE
381-74-8807,UPDATE
613-75-6696,UPDATE
354-47-7500,UPDATE
514-58-2502,UPDATE
689-91-1843,UPDATE
871-72-9938,UPDATE
688-99-2686,UPDATE
427-92-3882,UPDATE
493-45-9915,UPDATE
546-26-4689,UPDATE
495-03-8168,UPDATE
461-73-3353,UPDATE
126-76-2843,UPDATE
732-36-1378,UPDATE
571-79-3669,UPDATE
322-53-6395,UPDATE
431-23-9179,UPDATE
529-19-7673,UPDATE
510-76-9140,UPDATE
340-71-4472,UPDATE
553-40-5513,UPDATE
613-26-2869,UPDATE
490-75-2223,UPDATE
459-68-4822,UPDATE
774-48-3261,UPDATE
117-06-0534,UPDATE
176-86-5488,UPDATE
799-58-0012,UPDATE
345-74-5707,UPDATE
149-07-6412,UPDATE
369-13-5470,UPDATE
517-12-2377,UPDATE
318-21-6094,UPDATE
745-88-0836,UPDATE
659-05-8491,UPDATE
670-74-8367,UPDATE
695-18-7612,UPDATE
678-87-1522,UPDATE
386-53-4526,UPDATE
683-84-7020,UPDATE
781-05-8701,UPDATE
258-98-9274,UPDATE
763-14-8918,UPDATE
881-77-2939,UPDATE
259-74-3082,UPDATE
159-97-9270,UPDATE
803-08-3276,UPDATE
598-11-5184,UPDATE
829-55-8983,UPDATE
876-73-1812,UPDATE
234-02-5226,UPDATE
602-17-4517,UPDATE
712-86-3582,UPDATE
706-25-9257,UPDATE
470-12-7920,UPDATE
527-81-1386,UPDATE
538-02-7321,UPDATE
521-38-0068,UPDATE
686-38-5659,UPDATE
388-65-1111,UPDATE
639-39-9586,UPDATE
259-68-6665,UPDATE
585-59-9933,UPDATE
406-13-6392,UPDATE
716-89-9067,UPDATE
509-62-5540,UPDATE
527-51-8273,UPDATE
582-25-3676,UPDATE
892-55-8775,UPDATE
719-44-9532,UPDATE
258-63-5769,UPDATE
162-62-0877,UPDATE
241-57-1877,UPDATE
236-59-2147,UPDATE
460-30-7294,UPDATE
600-09-5447,UPDATE
898-99-1790,UPDATE
106-31-5479,UPDATE
357-44-2858,UPDATE
318-51-7891,UPDATE
341-17-5757,UPDATE
834-87-8900,UPDATE
153-84-9072,UPDATE
358-35-0509,UPDATE
260-02-9862,UPDATE
649-03-9435,UPDATE
302-48-2421,UPDATE
862-45-3939,UPDATE
647-65-6764,UPDATE
635-12-1340,UPDATE
516-01-0400,UPDATE
505-67-3375,UPDATE
571-46-6314,UPDATE
516-19-5740,UPDATE
850-64-1968,UPDATE
194-61-8674,UPDATE
488-07-8860,UPDATE
516-71-4190,UPDATE
725-39-1189,UPDATE
575-44-5012,UPDATE
779-58-9950,UPDATE
172-45-0586,UPDATE
356-21-3535,UPDATE
683-53-7630,UPDATE
284-75-1773,UPDATE
318-20-4244,UPDATE
884-25-3113,UPDATE
877-45-8606,UPDATE
549-96-5994,UPDATE
524-91-6885,UPDATE
286-37-8555,UPDATE
117-78-2060,UPDATE
359-21-7424,UPDATE
655-35-7643,UPDATE
231-45-2976,UPDATE
737-85-8989,UPDATE
679-23-3406,UPDATE
144-38-9238,UPDATE
344-36-4819,UPDATE
798-80-8504,UPDATE
163-47-7421,UPDATE
146-69-7275,UPDATE
460-06-0422,UPDATE
679-30-0539,UPDATE
799-99-1608,UPDATE
684-14-1222,UPDATE
218-50-2057,UPDATE
524-82-7018,UPDATE
226-49-3894,UPDATE
466-68-2260,UPDATE
444-66-4787,UPDATE
518-52-3944,UPDATE
883-92-1001,UPDATE
524-91-3097,UPDATE
643-85-1271,UPDATE
386-50-8841,UPDATE
589-45-9647,UPDATE
256-40-8342,UPDATE
589-64-6206,UPDATE
145-19-8419,UPDATE
262-57-3957,UPDATE
735-94-6347,UPDATE
813-42-9304,UPDATE
102-01-0253,UPDATE
286-07-2079,UPDATE
398-35-6243,UPDATE
348-37-8785,UPDATE
630-55-0367,UPDATE
411-63-3363,UPDATE
188-48-4691,UPDATE
604-95-7647,UPDATE
555-17-0327,UPDATE
154-65-1274,UPDATE
464-20-1905,UPDATE
276-62-6265,UPDATE
581-55-4555,UPDATE
311-59-3982,UPDATE
589-70-6085,UPDATE
713-89-8270,UPDATE
234-15-4057,UPDATE
570-27-5319,UPDATE
161-74-8890,UPDATE
256-21-9123,UPDATE
722-94-2419,UPDATE
525-92-8994,UPDATE
585-48-9388,UPDATE
816-33-6029,UPDATE
861-47-8313,UPDATE
368-58-4553,UPDATE
715-47-6980,UPDATE
734-20-6716,UPDATE
597-47-3509,UPDATE
316-97-1700,UPDATE
306-34-8430,UPDATE
271-11-1198,UPDATE
370-88-7100,UPDATE
895-66-0206,UPDATE
186-82-5497,UPDATE
557-68-1582,UPDATE
550-66-3901,UPDATE
620-27-9219,UPDATE
480-68-7437,UPDATE
101-49-8272,UPDATE
457-97-6751,UPDATE
373-45-0230,UPDATE
196-49-3882,UPDATE
227-78-8080,UPDATE
474-13-1326,UPDATE
371-07-7353,UPDATE
460-70-3526,UPDATE
203-78-3218,UPDATE
571-40-7730,UPDATE
527-39-3429,UPDATE
822-98-0099,UPDATE
612-53-7512,UPDATE
695-72-0527,UPDATE
756-05-2103,UPDATE
801-78-6922,UPDATE
620-84-1162,UPDATE
225-28-2143,UPDATE
620-53-7132,UPDATE
555-87-4751,UPDATE
652-05-2135,UPDATE
416-22-2644,UPDATE
461-93-0842,UPDATE
560-55-8829,UPDATE
534-32-6146,UPDATE
717-35-3743,UPDATE
473-74-4543,UPDATE
275-85-9183,UPDATE
862-56-2723,UPDATE
682-33-4511,UPDATE
813-20-9166,UPDATE
821-39-6020,UPDATE
659-71-0425,UPDATE
590-96-1537,UPDATE
227-91-4089,UPDATE
596-43-5513,UPDATE
135-98-9594,UPDATE
815-21-2055,UPDATE
241-29-5548,UPDATE
531-82-9498,UPDATE
137-52-3064,UPDATE
214-70-4752,UPDATE
440-41-4641,UPDATE
103-65-7921,UPDATE
750-93-4485,UPDATE
649-07-9934,UPDATE
254-87-1860,UPDATE
485-48-1338,UPDATE
861-24-9342,UPDATE
855-01-7125,UPDATE
642-81-8629,UPDATE
364-72-9344,UPDATE
154-25-8477,UPDATE
521-51-1111,UPDATE
276-80-2326,UPDATE
285-41-3512,UPDATE
575-51-4740,UPDATE
410-08-2763,UPDATE
890-01-6307,UPDATE
710-26-2797,UPDATE
743-61-3782,UPDATE
209-05-6549,UPDATE
838-80-5644,UPDATE
255-75-0494,UPDATE
130-29-0880,UPDATE
509-73-4839,UPDATE
403-86-8668,UPDATE
797-95-8051,UPDATE
123-52-2478,UPDATE
169-72-3678,UPDATE
417-24-7914,UPDATE
719-70-7512,UPDATE
595-08-2821,UPDATE
376-81-3315,UPDATE
540-24-1041,UPDATE
325-33-7301,UPDATE
773-28-4520,UPDATE
631-63-1052,UPDATE
363-22-9292,UPDATE
270-08-7633,UPDATE
454-76-7791,UPDATE
838-03-8526,UPDATE
214-91-6219,UPDATE
664-64-2809,UPDATE
739-22-6651,UPDATE
374-02-7033,UPDATE
387-02-7196,UPDATE
648-85-2741,UPDATE
220-23-5682,UPDATE
675-29-8941,UPDATE
549-50-0313,UPDATE
164-86-1350,UPDATE
554-77-1467,UPDATE
244-04-3112,UPDATE
715-93-4907,UPDATE
432-19-5335,UPDATE
176-56-2828,UPDATE
571-06-4413,UPDATE
368-14-7674,UPDATE
101-46-9600,UPDATE
667-98-1132,UPDATE
544-21-3499,UPDATE
443-06-2103,UPDATE
762-18-0311,UPDATE
736-74-5930,UPDATE
117-76-7446,UPDATE
860-75-6921,UPDATE
208-11-9525,UPDATE
506-58-7008,UPDATE
462-68-2973,UPDATE
861-83-2634,UPDATE
574-95-7261,UPDATE
716-32-1992,UPDATE
286-54-1010,UPDATE
407-53-5985,UPDATE
385-65-8516,UPDATE
381-71-5498,UPDATE
876-12-5731,UPDATE
264-44-6118,UPDATE
466-58-9395,UPDATE
110-67-0443,UPDATE
628-24-3876,UPDATE
423-08-0137,UPDATE
535-46-3061,UPDATE
470-26-8293,UPDATE
833-97-2177,UPDATE
435-38-7387,UPDATE
724-32-4028,UPDATE
153-68-2526,UPDATE
295-11-4071,UPDATE
355-59-7213,UPDATE
509-45-1502,UPDATE
481-22-7703,UPDATE
655-22-5669,UPDATE
736-24-1808,UPDATE
304-69-4405,UPDATE
637-90-6908,UPDATE
204-21-3462,UPDATE
438-01-9483,UPDATE
856-12-6544,UPDATE
640-81-7959,UPDATE
273-17-2343,UPDATE
217-95-9090,UPDATE
352-13-6716,UPDATE
101-05-9349,UPDATE
342-93-4515,UPDATE
843-29-6688,UPDATE
112-35-3601,UPDATE
852-09-5966,UPDATE
738-78-3392,UPDATE
564-90-5006,UPDATE
701-65-6491,UPDATE
434-42-0978,UPDATE
157-41-0851,UPDATE
485-82-3415,UPDATE
194-02-6710,UPDATE
303-35-0197,UPDATE
157-40-3119,UPDATE
508-36-7564,UPDATE
352-88-4728,UPDATE
807-70-9135,UPDATE
892-32-3589,UPDATE
673-26-5308,UPDATE
453-16-9984,UPDATE
487-69-3243,UPDATE
412-30-8877,UPDATE
489-87-9120,UPDATE
262-54-0659,UPDATE
324-16-8171,UPDATE
480-09-5076,UPDATE
612-60-1144,UPDATE
588-19-2856,UPDATE
138-32-1762,UPDATE
268-24-8135,UPDATE
702-79-0607,UPDATE
251-45-4629,UPDATE
805-62-3077,UPDATE
175-15-0996,UPDATE
224-21-3397,UPDATE
816-96-3753,UPDATE
470-70-8451,UPDATE
596-21-0656,UPDATE
236-37-6250,UPDATE
841-85-3045,UPDATE
441-25-2465,UPDATE
351-05-0720,UPDATE
188-21-1236,UPDATE
248-99-3176,UPDATE
631-63-6270,UPDATE
126-43-1203,UPDATE
353-92-6319,UPDATE
549-22-3390,UPDATE
613-79-1215,UPDATE
804-38-4621,UPDATE
323-03-6905,UPDATE
375-48-3571,UPDATE
100-14-0638,UPDATE
142-10-9962,UPDATE
791-07-3402,UPDATE
336-19-6309,UPDATE
802-01-1343,UPDATE
459-45-0012,UPDATE
326-49-3012,UPDATE
677-97-2788,UPDATE
738-44-9417,UPDATE
352-70-5621,UPDATE
208-77-3437,UPDATE
864-77-3576,UPDATE
343-65-3096,UPDATE
660-82-9671,UPDATE
135-86-1902,UPDATE
497-21-0434,UPDATE
541-04-7386,UPDATE
790-53-2012,UPDATE
619-24-3218,UPDATE
353-92-1172,UPDATE
373-92-8614,UPDATE
337-36-0703,UPDATE
344-87-6758,UPDATE
778-14-7427,UPDATE
886-49-3249,UPDATE
383-67-3075,UPDATE
755-28-7618,UPDATE
826-35-6621,UPDATE
750-87-3390,UPDATE
199-07-3448,UPDATE
399-37-2679,UPDATE
170-27-5246,UPDATE
748-85-8322,UPDATE
882-63-1698,UPDATE
732-32-2779,UPDATE
477-40-9599,UPDATE
348-41-5471,UPDATE
362-98-0474,UPDATE
786-19-3380,UPDATE
589-03-5780,UPDATE
118-93-1723,UPDATE
377-85-2170,UPDATE
667-80-6490,UPDATE
493-89-9177,UPDATE
232-64-9154,UPDATE
299-40-7729,UPDATE
703-12-5575,UPDATE
192-48-2771,UPDATE
642-92-3858,UPDATE
375-47-5548,UPDATE
168-85-3183,UPDATE
595-90-6923,UPDATE
357-65-9105,UPDATE
725-18-9612,UPDATE
330-62-7755,UPDATE
593-59-2109,UPDATE
350-82-6988,UPDATE
212-81-0304,UPDATE
152-05-7469,UPDATE
578-90-1125,UPDATE
694-36-4870,UPDATE
293-83-1946,UPDATE
752-21-6293,UPDATE
142-84-7687,UPDATE
546-19-3025,UPDATE
815-91-4017,UPDATE
623-06-2496,UPDATE
844-40-5751,UPDATE
579-71-7209,UPDATE
740-66-3479,UPDATE
351-70-1072,UPDATE
616-81-8571,UPDATE
841-27-3863,UPDATE
711-94-8988,UPDATE
854-88-8185,UPDATE
191-46-6478,UPDATE
156-32-5405,UPDATE
742-35-6648,UPDATE
286-23-5488,UPDATE
479-31-3471,UPDATE
870-21-3694,UPDATE
489-45-7509,UPDATE
794-75-2592,UPDATE
365-04-0396,UPDATE
875-28-6490,UPDATE
327-87-5213,UPDATE
315-62-2666,UPDATE
808-88-9495,UPDATE
147-65-3332,UPDATE
444-31-7244,UPDATE
831-77-4319,UPDATE
755-43-0071,UPDATE
532-77-4795,UPDATE
406-24-9308,UPDATE
858-33-2525,UPDATE
599-32-4425,UPDATE
706-92-5800,UPDATE
393-86-8362,UPDATE
706-09-7027,UPDATE
458-81-4823,UPDATE
617-95-8438,UPDATE
432-62-2966,UPDATE
657-49-9416,UPDATE
397-60-4219,UPDATE
399-58-6788,UPDATE
669-90-9094,UPDATE
831-03-5099,UPDATE
634-10-1495,UPDATE
879-10-7421,UPDATE
251-03-4265,UPDATE
752-75-0819,UPDATE
472-47-7305,UPDATE
811-82-5643,UPDATE
462-40-0839,UPDATE
107-61-8795,UPDATE
447-51-9009,UPDATE
758-93-3671,UPDATE
219-84-1276,UPDATE
877-32-9126,UPDATE
566-11-9198,UPDATE
539-78-0743,UPDATE
778-87-3340,UPDATE
837-76-1914,UPDATE
876-98-8471,UPDATE
336-05-4739,UPDATE
222-16-0938,UPDATE
541-43-8527,UPDATE
158-55-3805,UPDATE
611-35-9800,UPDATE
439-66-5112,UPDATE
226-78-8928,UPDATE
230-07-7809,UPDATE
525-62-6837,UPDATE
750-71-2335,UPDATE
379-99-5245,UPDATE
852-14-2681,UPDATE
170-74-3182,UPDATE
136-43-3012,UPDATE
703-90-8310,UPDATE
601-20-3820,UPDATE
704-13-3297,UPDATE
177-73-3756,UPDATE
195-24-9255,UPDATE
783-56-9364,UPDATE
430-84-7430,UPDATE
497-32-4175,UPDATE
538-20-1601,UPDATE
407-62-8480,UPDATE
629-40-5703,UPDATE
874-45-0893,UPDATE
807-15-4007,UPDATE
884-83-3750,UPDATE
782-02-4998,UPDATE
171-91-7288,UPDATE
767-71-5257,UPDATE
197-88-5993,UPDATE
110-82-5987,UPDATE
437-58-1010,UPDATE
239-96-2597,UPDATE
778-43-6412,UPDATE
101-22-8119,UPDATE
857-30-9178,UPDATE
853-54-6444,UPDATE
863-14-1579,UPDATE
821-26-7648,UPDATE
520-78-5434,UPDATE
793-25-2489,UPDATE
559-30-2187,UPDATE
490-70-0159,UPDATE
864-75-7862,UPDATE
349-43-0085,UPDATE
703-41-8035,UPDATE
829-54-3089,UPDATE
588-67-1215,UPDATE
395-75-8822,UPDATE
157-07-0148,UPDATE
334-29-8365,UPDATE
864-30-6921,UPDATE
606-57-8881,UPDATE
250-75-3346,UPDATE
705-09-6228,UPDATE
542-62-9729,UPDATE
454-56-5660,UPDATE
315-82-6553,UPDATE
458-34-5200,UPDATE
720-92-6068,UPDATE
869-93-9401,UPDATE
893-10-0174,UPDATE
168-58-7335,UPDATE
856-21-2703,UPDATE
896-02-1679,UPDATE
409-44-0695,UPDATE
296-89-9453,UPDATE
863-02-7072,UPDATE
514-56-2984,UPDATE
627-20-7577,UPDATE
319-96-0373,UPDATE
402-48-3926,UPDATE
463-63-2403,UPDATE
764-67-0813,UPDATE
895-64-9851,UPDATE
733-84-9481,UPDATE
440-15-9536,UPDATE
760-78-3756,UPDATE
658-43-0035,UPDATE
116-18-5340,UPDATE
281-90-3961,UPDATE
600-70-6268,UPDATE